"name","pos","sourceName","name_espn","team_espn","positionRank","overallRank","points","passAtt","passComp","passYds","passTds","passInt","rushAtt","rushYds","rushTds","rec","recYds","recTds"
"STEVESMITH","WR","espn","Steve Smith Sr.","BAL",1,1,"99.2",0,0,0,0,0,0,0,0,55,775.7,3.8
"JIMMYGRAHAM","TE","espn","Jimmy Graham","SEA",1,2,"97.1",0,0,0,0,0,0,0,0,48.5,589.8,6.5
"SHANEVEREEN","RB","espn","Shane Vereen","NYG",1,3,"97",0,0,0,0,0,60.9,264.7,1.6,50.8,451.6,2.8
"GREGZUERLEIN","K","espn","Greg Zuerlein","LA",1,4,"97",0,0,0,0,0,0,0,0,0,0,0
"ZACHMILLER","TE","espn","Zach Miller","CHI",2,5,"96.3",0,0,0,0,0,0,0,0,64.3,698,4.6
"MINNESOTAVIKINGS","DST","espn","Minnesota Vikings","MIN",1,6,"96.3",0,0,0,0,0,0,0,0,0,0,0
"MARTELLUSBENNETT","TE","espn","Martellus Bennett","NE",3,7,"95.8",0,0,0,0,0,0,0,0,61.1,604.2,6.2
"TYLERBOYD","WR","espn","Tyler Boyd","CIN",2,8,"95.2",0,0,0,0,0,8.7,55,0.3,49.2,638,4.1
"KENNYBRITT","WR","espn","Kenny Britt","LA",3,9,"95.2",0,0,0,0,0,0,0,0,45.8,751,3.4
"TERRANCEWILLIAMS","WR","espn","Terrance Williams","DAL",4,10,"94.8",0,0,0,0,0,0,0,0,41,678.6,4.6
"DETROITLIONS","DST","espn","Detroit Lions","DET",2,11,"93.1",0,0,0,0,0,0,0,0,0,0,0
"JACKSONVILLEJAGUARS","DST","espn","Jacksonville Jaguars","JAC",3,12,"92.8",0,0,0,0,0,0,0,0,0,0,0
"CHICAGOBEARS","DST","espn","Chicago Bears","CHI",4,13,"92.7",0,0,0,0,0,0,0,0,0,0,0
"PHILLIPDORSETT","WR","espn","Phillip Dorsett","IND",5,14,"92.5",0,0,0,0,0,7.3,45.8,0.2,45.9,600,4.6
"TEVINCOLEMAN","RB","espn","Tevin Coleman","ATL",2,15,"92.4",0,0,0,0,0,123.8,519.4,3.9,23.5,170.5,0.6
"JAREDCOOK","TE","espn","Jared Cook","GB",4,16,"91.5",0,0,0,0,0,0,0,0,47.9,600.1,5.3
"NEWENGLANDPATRIOTS","DST","espn","New England Patriots","NE",5,17,"91.3",0,0,0,0,0,0,0,0,0,0,0
"ERICEBRON","TE","espn","Eric Ebron","DET",5,18,"90.8",0,0,0,0,0,0,0,0,58.8,645.6,4.5
"KENNYSTILLS","WR","espn","Kenny Stills","MIA",6,19,"90.7",0,0,0,0,0,0,0,0,47.8,712.8,3.3
"INDIANAPOLISCOLTS","DST","espn","Indianapolis Colts","IND",6,20,"90.3",0,0,0,0,0,0,0,0,0,0,0
"CLIVEWALFORD","TE","espn","Clive Walford","OAK",6,21,"90.1",0,0,0,0,0,0,0,0,50.1,552.7,5.9
"DARRENMCFADDEN","RB","espn","Darren McFadden","DAL",3,22,"9.8",0,0,0,0,0,12.9,56.3,0.4,3.9,29.4,0.1
"JAMESHANNA","TE","espn","James Hanna","DAL",7,23,"9.6",0,0,0,0,0,0,0,0,5.9,64.3,0.6
"JIMDRAY","TE","espn","Jim Dray","BUF",8,24,"9.4",0,0,0,0,0,0,0,0,5.8,62.5,0.6
"JAMESDEVELIN","RB","espn","James Develin","NE",4,25,"9.2",0,0,0,0,0,7.8,25.1,0.4,4.3,32.3,0.3
"KAMARAIKEN","WR","espn","Kamar Aiken","BAL",7,26,"89.4",0,0,0,0,0,0,0,0,53.8,669.3,4
"DEANGELOWILLIAMS","RB","espn","DeAngelo Williams","PIT",5,27,"89.2",0,0,0,0,0,126.4,594.9,3.4,12.4,91.1,0.4
"PHILADELPHIAEAGLES","DST","espn","Philadelphia Eagles","PHI",7,28,"89.1",0,0,0,0,0,0,0,0,0,0,0
"PITTSBURGHSTEELERS","DST","espn","Pittsburgh Steelers","PIT",8,29,"88.6",0,0,0,0,0,0,0,0,0,0,0
"ATLANTAFALCONS","DST","espn","Atlanta Falcons","ATL",9,30,"88",0,0,0,0,0,0,0,0,0,0,0
"CHARLESCLAY","TE","espn","Charles Clay","BUF",9,31,"87.3",0,0,0,0,0,0,0,0,57.6,615.1,4.4
"NEWYORKGIANTS","DST","espn","New York Giants","NYG",10,32,"87.3",0,0,0,0,0,0,0,0,0,0,0
"NEWORLEANSSAINTS","DST","espn","New Orleans Saints","NO",11,33,"86.9",0,0,0,0,0,0,0,0,0,0,0
"MIKEWALLACE","WR","espn","Mike Wallace","BAL",8,34,"86.8",0,0,0,0,0,2,12.5,0.1,46.5,611.5,4.2
"TYLEREIFERT","TE","espn","Tyler Eifert","CIN",10,35,"86.5",0,0,0,0,0,0,0,0,50.1,572.9,4.9
"WASHINGTONREDSKINS","DST","espn","Washington Redskins","WAS",12,36,"86.3",0,0,0,0,0,0,0,0,0,0,0
"DWAYNEALLEN","TE","espn","Dwayne Allen","IND",11,37,"86.1",0,0,0,0,0,0,0,0,49.8,547.4,5.4
"RISHARDMATTHEWS","WR","espn","Rishard Matthews","TEN",9,38,"85.5",0,0,0,0,0,0,0,0,51.5,654.2,3.4
"SANDIEGOCHARGERS","DST","espn","San Diego Chargers","SD",13,39,"84.8",0,0,0,0,0,0,0,0,0,0,0
"JAMESSTARKS","RB","espn","James Starks","GB",6,40,"84",0,0,0,0,0,120.7,514.4,2.7,20.7,159.6,0.8
"JAYAJAYI","RB","espn","Jay Ajayi","MIA",7,41,"83.6",0,0,0,0,0,117.5,478.4,3.6,18,133.3,0.5
"TENNESSEETITANS","DST","espn","Tennessee Titans","TEN",14,42,"83.6",0,0,0,0,0,0,0,0,0,0,0
"SAMMIECOATES","WR","espn","Sammie Coates","PIT",10,43,"81.5",0,0,0,0,0,0,0,0,44,571.5,4
"MIAMIDOLPHINS","DST","espn","Miami Dolphins","MIA",15,44,"81.1",0,0,0,0,0,0,0,0,0,0,0
"MALCOLMBROWN","RB","espn","Malcolm Brown","LA",8,45,"8.5",0,0,0,0,0,12.8,48.4,0.4,3.4,26.4,0.1
"DAVIDJOHNSON","TE","espn","David Johnson","PIT",12,46,"8.2",0,0,0,0,0,0,0,0,5.2,55.7,0.5
"JERICKMCKINNON","RB","espn","Jerick McKinnon","MIN",9,47,"79.7",0,0,0,0,0,77.2,350.3,2.2,36.3,275.1,1
"BRUCEELLINGTON","WR","espn","Bruce Ellington","SF",11,48,"79.3",0,0,0,0,0,0,0,0,57,597.1,3.1
"TEDGINN","WR","espn","Ted Ginn Jr.","CAR",12,49,"79.1",0,0,0,0,0,4.7,29.7,0.1,36.6,543.6,3.4
"ROBERTWOODS","WR","espn","Robert Woods","BUF",13,50,"78.7",0,0,0,0,0,2.3,14.2,0.1,47.1,554.3,3.8
"SHAUNDRAUGHN","RB","espn","Shaun Draughn","SF",10,51,"78.1",0,0,0,0,0,83,316.8,1.8,42.4,312.3,1.1
"JORDANCAMERON","TE","espn","Jordan Cameron","MIA",13,52,"77.1",0,0,0,0,0,0,0,0,45.2,546.6,3.9
"ANQUANBOLDIN","WR","espn","Anquan Boldin","DET",14,53,"76",0,0,0,0,0,0,0,0,45.2,595.3,2.9
"KYLERUDOLPH","TE","espn","Kyle Rudolph","MIN",14,54,"75.7",0,0,0,0,0,0,0,0,48.9,511.3,4.1
"CHRISTINEMICHAEL","RB","espn","Christine Michael","SEA",11,55,"75.2",0,0,0,0,0,117.7,494.4,2.8,10.5,79,0.4
"TERRELLEPRYOR","WR","espn","Terrelle Pryor","CLE",15,56,"74.9",0,0,0,0,0,3.7,23.6,0.1,39.5,539.1,3.3
"JERMAINEKEARSE","WR","espn","Jermaine Kearse","SEA",16,57,"74.6",0,0,0,0,0,0,0,0,33.4,492.3,4.3
"SANFRANCISCO49ERS","DST","espn","San Francisco 49ers","SF",16,58,"72.5",0,0,0,0,0,0,0,0,0,0,0
"MAXXWILLIAMS","TE","espn","Maxx Williams","BAL",15,59,"71.9",0,0,0,0,0,0,0,0,51,481,4
"LAQUONTREADWELL","WR","espn","Laquon Treadwell","MIN",17,60,"71.7",0,0,0,0,0,0,0,0,40.8,553.5,2.8
"CHRISTHOMPSON","RB","espn","Chris Thompson","WAS",12,61,"71.2",0,0,0,0,0,49.1,220.5,1.1,43.2,360,1.5
"TAJAESHARPE","WR","espn","Tajae Sharpe","TEN",18,62,"71.2",0,0,0,0,0,0,0,0,44.6,559.7,2.7
"DALLASCOWBOYS","DST","espn","Dallas Cowboys","DAL",17,63,"71.2",0,0,0,0,0,0,0,0,0,0,0
"CHRISHOGAN","WR","espn","Chris Hogan","NE",19,64,"71.1",0,0,0,0,0,2,12.1,0.1,41.5,473.7,3.8
"JIMMYGAROPPOLO","QB","espn","Jimmy Garoppolo","NE",1,65,"69.9",151.5,93.5,1023.9,7.3,3.7,15.4,62.1,0.5,0,0,0
"DIONLEWIS","RB","espn","Dion Lewis","NE",13,66,"69.9",0,0,0,0,0,61.1,245.7,1.9,33.5,296.2,1.2
"JAMISONCROWDER","WR","espn","Jamison Crowder","WAS",20,67,"68.8",0,0,0,0,0,1.9,12.1,0,51.8,488.1,3.1
"CLEVELANDBROWNS","DST","espn","Cleveland Browns","CLE",18,68,"68.6",0,0,0,0,0,0,0,0,0,0,0
"AUSTINSEFERIANJENKINS","TE","espn","Austin Seferian-Jenkins","TB",16,69,"68.5",0,0,0,0,0,0,0,0,37.5,466.5,3.8
"DAVANTEADAMS","WR","espn","Davante Adams","GB",21,70,"67.9",0,0,0,0,0,0,0,0,39.4,449.8,4
"VANCEMCDONALD","TE","espn","Vance McDonald","SF",17,71,"66.7",0,0,0,0,0,0,0,0,41.5,494.7,3
"BRAXTONMILLER","WR","espn","Braxton Miller","HOU",22,72,"65.6",0,0,0,0,0,8.6,54.6,0.2,43.3,469.3,2.3
"JAVORIUSALLEN","RB","espn","Javorius Allen","BAL",14,73,"65.5",0,0,0,0,0,70.6,289.2,2.1,26.7,210.4,0.8
"TERRANCEWEST","RB","espn","Terrance West","BAL",15,74,"65.3",0,0,0,0,0,105.9,431,3,8.8,65.8,0.2
"SETHROBERTS","WR","espn","Seth Roberts","OAK",23,75,"64.8",0,0,0,0,0,0,0,0,37.3,435.3,3.7
"LADARIUSGREEN","TE","espn","Ladarius Green","PIT",18,76,"64.8",0,0,0,0,0,0,0,0,34.8,448.9,3.4
"COLINKAEPERNICK","QB","espn","Colin Kaepernick","SF",2,77,"64.2",142.1,81.5,940.3,4.8,3,24.8,138.9,0.6,0,0,0
"JOSHDOCTSON","WR","espn","Josh Doctson","WAS",24,78,"64.2",0,0,0,0,0,0,0,0,32.5,444.6,3.4
"COLEBEASLEY","WR","espn","Cole Beasley","DAL",25,79,"64.1",0,0,0,0,0,0,0,0,47.6,480.1,2.8
"CJPROSISE","RB","espn","C.J. Prosise","SEA",16,80,"63.7",0,0,0,0,0,59,244.1,1.6,29.4,242,1.2
"SPENCERWARE","RB","espn","Spencer Ware","KC",17,81,"63.2",0,0,0,0,0,80.6,353,4,5.6,41.2,0.1
"DEANDREWASHINGTON","RB","espn","DeAndre Washington","OAK",18,82,"62.4",0,0,0,0,0,79.7,318.8,1.5,22.6,188.5,0.9
"CHRISCONLEY","WR","espn","Chris Conley","KC",26,83,"62",0,0,0,0,0,0,0,0,41,455.6,2.9
"NELSONAGHOLOR","WR","espn","Nelson Agholor","PHI",27,84,"61.9",0,0,0,0,0,0,0,0,37.4,460.5,2.6
"KENDALLWRIGHT","WR","espn","Kendall Wright","TEN",28,85,"61.6",0,0,0,0,0,4.5,28.6,0.1,38.7,477.5,2.1
"KADEEMCAREY","RB","espn","Ka'Deem Carey","CHI",19,86,"61.3",0,0,0,0,0,87.6,367.3,2.4,14,107.4,0.4
"DONALDBROWN","RB","espn","Donald Brown","NE",20,87,"6.8",0,0,0,0,0,5.8,23.2,0.2,4.4,33.5,0.2
"DREWSTANTON","QB","espn","Drew Stanton","ARZ",3,88,"6.5",16.6,9.4,109.5,0.8,0.5,0.9,3.6,0,0,0,0
"CLAYHARBOR","TE","espn","Clay Harbor","NE",19,89,"6.4",0,0,0,0,0,0,0,0,3.9,43.1,0.4
"LOGANPAULSEN","TE","espn","Logan Paulsen","WAS",20,90,"6.2",0,0,0,0,0,0,0,0,3.8,42.3,0.4
"RHETTELLISON","TE","espn","Rhett Ellison","MIN",21,91,"6.1",0,0,0,0,0,0,0,0,4.3,48.5,0.3
"SEANMCGRATH","TE","espn","Sean McGrath","SD",22,92,"6.1",0,0,0,0,0,0,0,0,4,43.4,0.4
"CHRISJOHNSON","RB","espn","Chris Johnson","ARZ",21,93,"58.6",0,0,0,0,0,100.4,425.9,2.7,2.1,15.4,0.1
"VIRGILGREEN","TE","espn","Virgil Green","DEN",23,94,"58.6",0,0,0,0,0,0,0,0,45.7,401.3,3.1
"TIMHIGHTOWER","RB","espn","Tim Hightower","NO",22,95,"58.4",0,0,0,0,0,82.1,320.8,3.1,10,73.3,0.3
"CHARLESJOHNSON","WR","espn","Charles Johnson","MIN",29,96,"57.9",0,0,0,0,0,0,0,0,30.4,435.5,2.5
"WILLTYE","TE","espn","Will Tye","NYG",24,97,"57.7",0,0,0,0,0,0,0,0,35.8,365.8,3.6
"JACOBTAMME","TE","espn","Jacob Tamme","ATL",25,98,"57.4",0,0,0,0,0,0,0,0,43,437.6,2.4
"BRESHADPERRIMAN","WR","espn","Breshad Perriman","BAL",30,99,"56.5",0,0,0,0,0,0,0,0,28.8,417.5,2.6
"QUINTONPATTON","WR","espn","Quinton Patton","SF",31,100,"56.2",0,0,0,0,0,0,0,0,38.5,433.2,2.2
"EDDIEROYAL","WR","espn","Eddie Royal","CHI",32,101,"55.3",0,0,0,0,0,2.2,13.9,0.1,37.5,401.5,2.3
"REGGIEBUSH","RB","espn","Reggie Bush","BUF",23,102,"55.2",0,0,0,0,0,69,291.4,1.8,16.1,119.8,0.6
"ALFREDMORRIS","RB","espn","Alfred Morris","DAL",24,103,"55",0,0,0,0,0,91.3,382.9,2.4,3.9,29.4,0.1
"JAMESWHITE","RB","espn","James White","NE",25,104,"54.6",0,0,0,0,0,31,126.4,1,32.4,300.6,1.2
"JAELENSTRONG","WR","espn","Jaelen Strong","HOU",33,105,"53.8",0,0,0,0,0,0,0,0,31.8,378,2.8
"LARRYDONNELL","TE","espn","Larry Donnell","NYG",26,106,"53.1",0,0,0,0,0,0,0,0,31.2,321,3.6
"CASEKEENUM","QB","espn","Case Keenum","LA",4,107,"53",129.6,75.7,835.5,3.4,3.8,29.2,98.4,1.3,0,0,0
"CJSPILLER","RB","espn","C.J. Spiller","NO",26,108,"52.2",0,0,0,0,0,31.3,134.2,0.8,37.1,273.7,1.1
"MARQISELEE","WR","espn","Marqise Lee","JAC",34,109,"51.1",0,0,0,0,0,7.2,45.9,0.2,29.2,323.8,2.3
"JACEAMARO","TE","espn","Jace Amaro","NYJ",27,110,"51.1",0,0,0,0,0,0,0,0,32.9,333.2,3
"JORDANHOWARD","RB","espn","Jordan Howard","CHI",27,111,"50",0,0,0,0,0,75.9,305.7,2.7,5.9,44.4,0.2
"DENNISPITTA","TE","espn","Dennis Pitta","BAL",28,112,"5.9",0,0,0,0,0,0,0,0,3.9,42.2,0.3
"TROYNIKLAS","TE","espn","Troy Niklas","ARZ",29,113,"5.5",0,0,0,0,0,0,0,0,3.8,39.8,0.4
"TOMSAVAGE","QB","espn","Tom Savage","HOU",5,114,"5.4",17.5,9.9,112.6,0.7,0.7,0.4,1.5,0,0,0,0
"RUEBENRANDLE","WR","espn","Rueben Randle","PHI",35,115,"5.4",0,0,0,0,0,0,0,0,3.3,41.8,0.2
"MATTCASSEL","QB","espn","Matt Cassel","TEN",6,116,"5.2",14.9,9,100.2,0.6,0.5,0.8,3.3,0,0,0,0
"KELLENDAVIS","TE","espn","Kellen Davis","NYJ",30,117,"5",0,0,0,0,0,0,0,0,3.6,39.8,0.3
"ALBERTWILSON","WR","espn","Albert Wilson","KC",36,118,"49.6",0,0,0,0,0,3.8,24,0.2,29.6,366.4,1.8
"DORIALGREENBECKHAM","WR","espn","Dorial Green-Beckham","PHI",37,119,"49.2",0,0,0,0,0,1.8,11.6,0.1,24.3,347.9,2.3
"CARSONWENTZ","QB","espn","Carson Wentz","PHI",7,120,"47.7",103.5,60.4,698.5,4.6,2.4,14,56.5,0.6,0,0,0
"TYRELLWILLIAMS","WR","espn","Tyrell Williams","SD",38,121,"47",0,0,0,0,0,0,0,0,25.8,335.3,2.4
"MIKETOLBERT","RB","espn","Mike Tolbert","CAR",28,122,"45.8",0,0,0,0,0,47.3,181.5,1.9,15.5,125.7,0.9
"JJNELSON","WR","espn","J.J. Nelson","ARZ",39,123,"45.3",0,0,0,0,0,2.1,12.9,0.1,17.2,323.7,1.8
"CROCKETTGILLMORE","TE","espn","Crockett Gillmore","BAL",31,124,"45",0,0,0,0,0,0,0,0,31,339,2
"BENJAMINCUNNINGHAM","RB","espn","Benjamin Cunningham","LA",29,125,"43.9",0,0,0,0,0,38.3,157.7,1.2,24.3,198.7,0.5
"CAMERONARTISPAYNE","RB","espn","Cameron Artis-Payne","CAR",30,126,"43.7",0,0,0,0,0,66.3,272.7,1.9,7.5,55.7,0.3
"ROBERTTURBIN","RB","espn","Robert Turbin","IND",31,127,"43.2",0,0,0,0,0,61.9,249.4,1.2,12.9,96.1,0.5
"AUSTINHOOPER","TE","espn","Austin Hooper","ATL",32,128,"42.5",0,0,0,0,0,0,0,0,28,304.8,2.1
"BRANDONLAFELL","WR","espn","Brandon LaFell","CIN",40,129,"42.3",0,0,0,0,0,0,0,0,24,313,1.9
"TYLERHIGBEE","TE","espn","Tyler Higbee","LA",33,130,"40.9",0,0,0,0,0,0,0,0,26.8,318.3,1.7
"ANDREELLINGTON","RB","espn","Andre Ellington","ARZ",32,131,"40.7",0,0,0,0,0,41.9,174.6,1.1,16.7,143.6,0.7
"JOSHHILL","TE","espn","Josh Hill","NO",34,132,"40.3",0,0,0,0,0,0,0,0,27.3,265.4,2.4
"PAULPERKINS","RB","espn","Paul Perkins","NYG",33,133,"40.2",0,0,0,0,0,64.9,274,1.7,4.4,33.5,0.2
"EJMANUEL","QB","espn","EJ Manuel","BUF",8,134,"4.9",14.8,8.7,100,0.7,0.4,1,4,0,0,0,0
"BRANDONMYERS","TE","espn","Brandon Myers","TB",35,135,"4.9",0,0,0,0,0,0,0,0,3.4,36,0.3
"JONATHANWILLIAMS","RB","espn","Jonathan Williams","BUF",34,136,"4.7",0,0,0,0,0,9.2,34.8,0.3,0,0,0
"DEVINHESTER","WR","espn","Devin Hester","ATL",41,137,"4.7",0,0,0,0,0,0,0,0,0,0,0
"ROBHOUSLER","TE","espn","Rob Housler","CHI",36,138,"4.7",0,0,0,0,0,0,0,0,3.5,37.9,0.3
"CRAIGSTEVENS","TE","espn","Craig Stevens","TEN",37,139,"4.6",0,0,0,0,0,0,0,0,3,33.6,0.3
"PHILLIPSUPERNAW","TE","espn","Phillip Supernaw","TEN",38,140,"4.6",0,0,0,0,0,0,0,0,3,33.7,0.3
"GARRETTGRAHAM","TE","espn","Garrett Graham","DEN",39,141,"4.5",0,0,0,0,0,0,0,0,3.2,34.9,0.3
"ALEXCOLLINS","RB","espn","Alex Collins","SEA",35,142,"4.3",0,0,0,0,0,9.1,34.8,0.2,0,0,0
"JOHNKUHN","RB","espn","John Kuhn","NO",36,143,"4.3",0,0,0,0,0,3.9,12.4,0.2,2.4,17.9,0.2
"JOSHFERGUSON","RB","espn","Josh Ferguson","IND",37,144,"39.4",0,0,0,0,0,47.4,184.2,0.8,17.4,133.5,0.7
"JUSTINHARDY","WR","espn","Justin Hardy","ATL",42,145,"39.4",0,0,0,0,0,0,0,0,31.2,295.9,1.8
"HUNTERHENRY","TE","espn","Hunter Henry","SD",40,146,"38.8",0,0,0,0,0,0,0,0,24.6,263.9,2.2
"ANDREWILLIAMS","RB","espn","Andre Williams","NYG",38,147,"38.7",0,0,0,0,0,69,256.2,2,2.2,16.8,0.1
"DARRENFELLS","TE","espn","Darren Fells","ARZ",41,148,"38.7",0,0,0,0,0,0,0,0,21.5,237.1,2.6
"MIKEGILLISLEE","RB","espn","Mike Gillislee","BUF",39,149,"38.6",0,0,0,0,0,55.2,233.1,1.8,6.7,48.5,0.2
"MARKSANCHEZ","QB","espn","Mark Sanchez","DEN",9,150,"38.5",105.2,62.2,737.4,3.7,3.8,7.2,28.6,0.3,0,0,0
"LEONTECARROO","WR","espn","Leonte Carroo","MIA",43,151,"38.4",0,0,0,0,0,0,0,0,21,297.8,1.6
"BRENTCELEK","TE","espn","Brent Celek","PHI",42,152,"38.2",0,0,0,0,0,0,0,0,22.7,283.6,1.7
"LANCEKENDRICKS","TE","espn","Lance Kendricks","LA",43,153,"38.1",0,0,0,0,0,0,0,0,28.5,295.8,1.5
"KENNETHDIXON","RB","espn","Kenneth Dixon","BAL",40,154,"37.9",0,0,0,0,0,47,200.8,1.2,13.3,98.6,0.4
"ZACHZENNER","RB","espn","Zach Zenner","DET",41,155,"37.6",0,0,0,0,0,56.5,241.6,1.7,4.6,35.3,0.1
"LANCEDUNBAR","RB","espn","Lance Dunbar","DAL",42,156,"37.2",0,0,0,0,0,30.1,129.9,0.7,19.3,172,0.7
"ALFREDBLUE","RB","espn","Alfred Blue","HOU",43,157,"37",0,0,0,0,0,64.7,249.3,1.6,4.2,30.8,0.1
"PAXTONLYNCH","QB","espn","Paxton Lynch","DEN",10,158,"36.8",105.6,59,659.8,3.5,3.4,8.5,33.6,0.3,0,0,0
"JESSEJAMES","TE","espn","Jesse James","PIT",44,159,"36.6",0,0,0,0,0,0,0,0,22.3,231,2.2
"CAMERONBRATE","TE","espn","Cameron Brate","TB",45,160,"36.5",0,0,0,0,0,0,0,0,21.9,245.6,2.1
"GARRETTCELEK","TE","espn","Garrett Celek","SF",46,161,"36.2",0,0,0,0,0,0,0,0,25.2,264.7,1.7
"CHARCANDRICKWEST","RB","espn","Charcandrick West","KC",44,162,"35.1",0,0,0,0,0,42.2,168.9,2,9.3,68.6,0.2
"KHIRYROBINSON","RB","espn","Khiry Robinson","NYJ",45,163,"35",0,0,0,0,0,55.8,232.2,1.4,4.1,30.9,0.1
"JACQUIZZRODGERS","RB","espn","Jacquizz Rodgers","CHI",46,164,"35",0,0,0,0,0,38.3,150.9,0.9,16.5,120.8,0.5
"TYLERERVIN","RB","espn","Tyler Ervin","HOU",47,165,"34.5",0,0,0,0,0,38.8,156.4,1.1,12.5,92.4,0.4
"CAMNEWTON","QB","espn","Cam Newton","CAR",11,166,"333.7",527.4,304.9,3798.3,28.1,13.2,125.1,679.6,5.6,0,0,0
"DEXTERMCCLUSTER","RB","espn","Dexter McCluster","TEN",48,167,"32.1",0,0,0,0,0,18,76.3,0.4,16.8,151.7,0.8
"AARONRODGERS","QB","espn","Aaron Rodgers","GB",12,168,"310",561.3,354.8,4213.2,32.4,7.6,51.2,238.2,1.5,0,0,0
"CJFIEDOROWICZ","TE","espn","C.J. Fiedorowicz","HOU",47,169,"31.6",0,0,0,0,0,0,0,0,23,207.6,2
"RUSSELLWILSON","QB","espn","Russell Wilson","SEA",13,170,"307.4",477.1,299.9,3738.4,29.8,10.1,95.5,494.6,2.6,0,0,0
"RICHARDRODGERS","TE","espn","Richard Rodgers","GB",48,171,"30.3",0,0,0,0,0,0,0,0,18.8,189.6,2.1
"TYMONTGOMERY","WR","espn","Ty Montgomery","GB",44,172,"30.1",0,0,0,0,0,8,51,0.2,18,164,1.3
"VICTORCRUZ","WR","espn","Victor Cruz","NYG",45,173,"30",0,0,0,0,0,0,0,0,16.2,227.3,1.3
"MATTSPAETH","TE","espn","Matt Spaeth","PIT",49,174,"3.3",0,0,0,0,0,0,0,0,2,22,0.2
"MATTHEWMULLIGAN","TE","espn","Matthew Mulligan","DET",50,175,"3.1",0,0,0,0,0,0,0,0,2,23.3,0.2
"ANDREWLUCK","QB","espn","Andrew Luck","IND",14,176,"294.6",616.2,357.1,4275.9,32.5,19,64.8,265.1,1.7,0,0,0
"DREWBREES","QB","espn","Drew Brees","NO",15,177,"290.9",658,440.7,4782.7,31.3,15.5,21.7,35.1,0.9,0,0,0
"MARCEDESLEWIS","TE","espn","Marcedes Lewis","JAC",51,178,"29.8",0,0,0,0,0,0,0,0,15.9,193.3,1.8
"JERMAINEGRESHAM","TE","espn","Jermaine Gresham","ARZ",52,179,"29.6",0,0,0,0,0,0,0,0,20.3,192.7,1.9
"RYANGRIFFIN","TE","espn","Ryan Griffin","HOU",53,180,"29.3",0,0,0,0,0,0,0,0,17.5,205.4,1.6
"ANDREJOHNSON","WR","espn","Andre Johnson","TEN",46,181,"29.2",0,0,0,0,0,0,0,0,16.8,212.5,1.4
"KIRKCOUSINS","QB","espn","Kirk Cousins","WAS",16,182,"283.4",601.9,390.5,4551.7,29.6,13.3,37.9,117.2,1.3,0,0,0
"BENROETHLISBERGER","QB","espn","Ben Roethlisberger","PIT",17,183,"281.6",574.3,377.5,4543.5,28.4,12.7,27.8,66.6,0.7,0,0,0
"MATTHEWSTAFFORD","QB","espn","Matthew Stafford","DET",18,184,"280.2",634.9,412.7,4655.3,25.1,13.7,39.6,135.9,1.9,0,0,0
"TREYBURTON","TE","espn","Trey Burton","PHI",54,185,"28.9",0,0,0,0,0,0,0,0,19.1,209,1.5
"MYCHALRIVERA","TE","espn","Mychal Rivera","OAK",55,186,"28.4",0,0,0,0,0,0,0,0,17.8,182,1.8
"ELIMANNING","QB","espn","Eli Manning","NYG",19,187,"271.9",609.7,381.4,4547.3,30.8,15.3,20.8,37.7,0.4,0,0,0
"JOSHMCCOWN","QB","espn","Josh McCown","CLE",20,188,"27.8",71.1,41.4,497.5,2.7,1.7,5.7,24.3,0.2,0,0,0
"ANDREWHAWKINS","WR","espn","Andrew Hawkins","CLE",47,189,"27.2",0,0,0,0,0,1.9,11.8,0,18.7,212,0.8
"PHILIPRIVERS","QB","espn","Philip Rivers","SD",21,190,"267.1",617.2,405.2,4497.5,28.2,15,23,61.2,0.5,0,0,0
"TYRODTAYLOR","QB","espn","Tyrod Taylor","BUF",22,191,"266.3",452.1,274.5,3243.5,21.2,12,112,576.8,4.5,0,0,0
"ANDYDALTON","QB","espn","Andy Dalton","CIN",23,192,"264.2",514.3,324.5,3808.1,25.5,12.9,62.9,232.8,2.7,0,0,0
"CARSONPALMER","QB","espn","Carson Palmer","ARZ",24,193,"262.9",568.8,346.4,4338.5,29.5,16.5,24.6,48.6,1,0,0,0
"WENDELLSMALLWOOD","RB","espn","Wendell Smallwood","PHI",49,194,"26.8",0,0,0,0,0,41.2,166.5,1.3,4.2,31.1,0.1
"JAMESJONES","WR","espn","James Jones","SD",48,195,"26.5",0,0,0,0,0,0,0,0,14.9,199.6,1.3
"ANTHONYFASANO","TE","espn","Anthony Fasano","TEN",56,196,"26.3",0,0,0,0,0,0,0,0,15,165.9,1.7
"NILESPAUL","TE","espn","Niles Paul","WAS",57,197,"26",0,0,0,0,0,0,0,0,15.3,186.7,1.3
"ALEXSMITH","QB","espn","Alex Smith","KC",25,198,"259.5",502.5,326.5,3668.7,19.3,7.5,69.3,398,2.5,0,0,0
"RYANFITZPATRICK","QB","espn","Ryan Fitzpatrick","NYJ",26,199,"258.9",553,338,3880.2,25.7,15.4,56.8,249.2,2,0,0,0
"BLAKEBORTLES","QB","espn","Blake Bortles","JAC",27,200,"258.3",576.6,326.8,3898.9,27.8,15.9,50.5,261,1.3,0,0,0
"JAMEISWINSTON","QB","espn","Jameis Winston","TB",28,201,"255.9",545.8,315.1,3767.4,25,15.3,59.3,258.9,2.6,0,0,0
"DEREKCARR","QB","espn","Derek Carr","OAK",29,202,"253",585.2,349.8,3794.1,31,13.2,30.6,81.8,0.7,0,0,0
"RYANTANNEHILL","QB","espn","Ryan Tannehill","MIA",30,203,"251.4",607.4,375,4260.8,23.7,12.3,34.4,130.8,1,0,0,0
"KENYANDRAKE","RB","espn","Kenyan Drake","MIA",50,204,"25.6",0,0,0,0,0,28.5,112.3,0.6,13.3,96.1,0.4
"MALCOLMMITCHELL","WR","espn","Malcolm Mitchell","NE",49,205,"25.3",0,0,0,0,0,0,0,0,14.3,185.5,1.2
"BROCKOSWEILER","QB","espn","Brock Osweiler","HOU",31,206,"245.4",555.4,343.1,4059.4,24.4,14.8,50.7,123.1,1.5,0,0,0
"ANTONIOBROWN","WR","espn","Antonio Brown","PIT",50,207,"244.8",0,0,0,0,0,3.9,25.1,0.1,132.2,1765.9,10.2
"JOEFLACCO","QB","espn","Joe Flacco","BAL",32,208,"242.7",626.1,375.8,4222.5,25.5,16.2,27.1,46.3,1.2,0,0,0
"MATTRYAN","QB","espn","Matt Ryan","ATL",33,209,"241.7",620.5,410.4,4511.3,22.1,16.4,30.8,95.3,0.8,0,0,0
"KEITHMARSHALL","RB","espn","Keith Marshall","WAS",51,210,"24.3",0,0,0,0,0,37.8,158.3,1,4.4,32.8,0.1
"TOMBRADY","QB","espn","Tom Brady","NE",34,211,"231.4",478.4,303.8,3378,25.3,7,27.4,21.6,1.5,0,0,0
"MARCUSMARIOTA","QB","espn","Marcus Mariota","TEN",35,212,"227.2",469.1,295.9,3414.9,19.2,12.7,70.3,355.3,2.6,0,0,0
"TODDGURLEY","RB","espn","Todd Gurley","LA",52,213,"226.4",0,0,0,0,0,297.8,1323.1,10.5,38.5,309.3,0.9
"TEDDYBRIDGEWATER","QB","espn","Teddy Bridgewater","MIN",36,214,"224.2",484.4,312.5,3480.6,19.1,10.5,46.5,215.3,2.3,0,0,0
"JAYCUTLER","QB","espn","Jay Cutler","CHI",37,215,"223.3",499.3,320.6,3796.1,22,14,38.6,137.7,0.9,0,0,0
"DIONSIMS","TE","espn","Dion Sims","MIA",58,216,"22.4",0,0,0,0,0,0,0,0,15.7,156.3,1.2
"LUKEWILLSON","TE","espn","Luke Willson","SEA",59,217,"22.3",0,0,0,0,0,0,0,0,12,151.4,1.2
"ADRIANPETERSON","RB","espn","Adrian Peterson","MIN",53,218,"219.7",0,0,0,0,0,300.3,1394.6,10,29.4,227.2,0.8
"JULIOJONES","WR","espn","Julio Jones","ATL",51,219,"218",0,0,0,0,0,0,0,0,127,1762.1,7.3
"DAVIDJOHNSON","RB","espn","David Johnson","ARZ",54,220,"216.5",0,0,0,0,0,251.1,1037.8,8.2,58.3,531.1,2.6
"JACKDOYLE","TE","espn","Jack Doyle","IND",60,221,"21.6",0,0,0,0,0,0,0,0,17.1,116.2,1.8
"BRANDENOLIVER","RB","espn","Branden Oliver","SD",55,222,"21.1",0,0,0,0,0,34.6,134.4,0.7,4.6,33.3,0.1
"ROBERTGRIFFIN","QB","espn","Robert Griffin","CLE",38,223,"209.2",429.2,270.1,3216.8,16.7,10.8,64.2,385,1.7,0,0,0
"JAMAALCHARLES","RB","espn","Jamaal Charles","KC",56,224,"207.2",0,0,0,0,0,218.7,1121.6,8.4,46.8,392.3,2.2
"LESEANMCCOY","RB","espn","LeSean McCoy","BUF",57,225,"206.9",0,0,0,0,0,266.8,1173.2,8.6,43.1,319.4,1.6
"ODELLBECKHAM","WR","espn","Odell Beckham Jr.","NYG",52,226,"205.6",0,0,0,0,0,0,0,0,100.7,1508.4,9.4
"LAMARMILLER","RB","espn","Lamar Miller","HOU",58,227,"204.6",0,0,0,0,0,280.5,1235,7.2,43.7,325.3,1.3
"EZEKIELELLIOTT","RB","espn","Ezekiel Elliott","DAL",59,228,"202.3",0,0,0,0,0,256.2,1115.5,8.4,42,357.8,1.5
"KENJONBARNER","RB","espn","Kenjon Barner","PHI",60,229,"20.8",0,0,0,0,0,22.2,95.1,0.8,8.3,62.2,0.2
"EDDICKSON","TE","espn","Ed Dickson","CAR",61,230,"20.6",0,0,0,0,0,0,0,0,13.1,141.7,1.1
"FITZGERALDTOUSSAINT","RB","espn","Fitzgerald Toussaint","PIT",61,231,"20.3",0,0,0,0,0,25.8,105.1,0.7,7.2,53.1,0.2
"DEVONTAFREEMAN","RB","espn","Devonta Freeman","ATL",62,232,"197.6",0,0,0,0,0,232.2,926.1,6.7,69.1,549.2,2.3
"LEVEONBELL","RB","espn","Le'Veon Bell","PIT",63,233,"196.2",0,0,0,0,0,215.4,942.2,6.3,56.4,483.7,2.5
"MARKINGRAM","RB","espn","Mark Ingram","NO",64,234,"195.2",0,0,0,0,0,234.7,977.6,8.5,56.4,392,1.8
"DEANDREHOPKINS","WR","espn","DeAndre Hopkins","HOU",53,235,"193.6",0,0,0,0,0,0,0,0,100.9,1439.5,8.5
"DOUGMARTIN","RB","espn","Doug Martin","TB",65,236,"185",0,0,0,0,0,268.8,1196.8,6.6,31.8,247.1,1
"AJGREEN","WR","espn","A.J. Green","CIN",54,237,"181.6",0,0,0,0,0,0,0,0,87.9,1285.8,9
"ALLENROBINSON","WR","espn","Allen Robinson","JAC",55,238,"180.4",0,0,0,0,0,0,0,0,82.9,1314.3,8.3
"DANNYAMENDOLA","WR","espn","Danny Amendola","NE",56,239,"18.9",0,0,0,0,0,2,12.1,0.1,12.5,124.6,0.8
"BRANDONMARSHALL","WR","espn","Brandon Marshall","NYJ",57,240,"178.2",0,0,0,0,0,0,0,0,96.9,1280.8,8.6
"SAMBRADFORD","QB","espn","Sam Bradford","PHI",39,241,"174.5",448.1,279.9,3099.6,16.7,10.1,23.3,60.5,0.9,0,0,0
"ALSHONJEFFERY","WR","espn","Alshon Jeffery","CHI",58,242,"173.9",0,0,0,0,0,0,0,0,88.7,1281.5,7.8
"CARLOSHYDE","RB","espn","Carlos Hyde","SF",66,243,"172.1",0,0,0,0,0,255.2,1025.4,7.1,33.9,241.9,0.9
"ROBGRONKOWSKI","TE","espn","Rob Gronkowski","NE",62,244,"171",0,0,0,0,0,0,0,0,77.7,1141.1,9.4
"JORDYNELSON","WR","espn","Jordy Nelson","GB",59,245,"170.8",0,0,0,0,0,0,0,0,80.1,1213.6,8.4
"DEZBRYANT","WR","espn","Dez Bryant","DAL",60,246,"170.1",0,0,0,0,0,0,0,0,81,1163.9,9.1
"CJANDERSON","RB","espn","C.J. Anderson","DEN",67,247,"168.8",0,0,0,0,0,233.4,1041.4,7,26,207.9,0.8
"ERICDECKER","WR","espn","Eric Decker","NYJ",61,248,"164.1",0,0,0,0,0,0,0,0,86.5,1145.8,8.3
"SAMMYWATKINS","WR","espn","Sammy Watkins","BUF",62,249,"163.6",0,0,0,0,0,2.3,14.2,0.1,73.2,1165.1,7.6
"MIKEEVANS","WR","espn","Mike Evans","TB",63,250,"163.3",0,0,0,0,0,0,0,0,77.5,1166.3,7.9
"DEMARCOMURRAY","RB","espn","DeMarco Murray","TEN",68,251,"163.1",0,0,0,0,0,224.9,982.1,7.4,25.3,192.9,0.6
"EDDIELACY","RB","espn","Eddie Lacy","GB",69,252,"162.9",0,0,0,0,0,232.5,999.2,6.2,29.1,234.8,1.3
"TYHILTON","WR","espn","T.Y. Hilton","IND",64,253,"160.1",0,0,0,0,0,1.8,11.5,0,74.6,1184.7,6.9
"FOZZYWHITTAKER","RB","espn","Fozzy Whittaker","CAR",70,254,"16.9",0,0,0,0,0,18.9,77.1,0.5,7.5,55.7,0.3
"MARCELREECE","RB","espn","Marcel Reece","OAK",71,255,"16.8",0,0,0,0,0,8.4,27.5,0.3,11.8,85.1,0.8
"LANDRYJONES","QB","espn","Landry Jones","PIT",40,256,"16.4",39.8,22.5,249,1.7,1.2,5.7,23.1,0.2,0,0,0
"TONYROMO","QB","espn","Tony Romo","DAL",41,257,"159.7",322.1,215.7,2566,17.1,7.3,16,34.5,0.4,0,0,0
"LATAVIUSMURRAY","RB","espn","Latavius Murray","OAK",72,258,"159.6",0,0,0,0,0,229.6,973.4,5.5,33.4,237.9,1.6
"KEENANALLEN","WR","espn","Keenan Allen","SD",65,259,"158.1",0,0,0,0,0,0,0,0,106,1200.3,6.3
"JONATHANSTEWART","RB","espn","Jonathan Stewart","CAR",73,260,"156.4",0,0,0,0,0,236.7,1021.7,6.6,20.1,149,0.6
"FRANKGORE","RB","espn","Frank Gore","IND",74,261,"155.9",0,0,0,0,0,222.2,900.2,5.5,32.6,277,1.4
"JEREMYLANGFORD","RB","espn","Jeremy Langford","CHI",75,262,"155.4",0,0,0,0,0,212,855,6.2,34.4,306.9,1.1
"THOMASRAWLS","RB","espn","Thomas Rawls","SEA",76,263,"153.3",0,0,0,0,0,218.3,1015.6,5.6,17.9,144,1
"BLAINEGABBERT","QB","espn","Blaine Gabbert","SF",42,264,"152.6",410.4,246.9,2797.8,13.7,13,40.2,139.2,1,0,0,0
"BRANDINCOOKS","WR","espn","Brandin Cooks","NO",66,265,"151.4",0,0,0,0,0,7.8,48.4,0.3,88.4,1067.9,6.6
"AMARICOOPER","WR","espn","Amari Cooper","OAK",67,266,"151.4",0,0,0,0,0,3.7,23.6,0.1,81.3,1069.5,7.1
"MATTFORTE","RB","espn","Matt Forte","NYJ",77,267,"150.7",0,0,0,0,0,187.5,770.1,4.3,48,402.5,1.5
"DEVINSMITH","WR","espn","Devin Smith","NYJ",68,268,"15.7",0,0,0,0,0,0,0,0,8.9,118.2,0.8
"GENOSMITH","QB","espn","Geno Smith","NYJ",43,269,"15.6",37.7,22,249,1.7,1.3,6.6,26.2,0.2,0,0,0
"CHASEDANIEL","QB","espn","Chase Daniel","PHI",44,270,"15.5",37.2,22.8,248.4,1.6,0.8,3.5,14.2,0.1,0,0,0
"BRUCEMILLER","TE","espn","Bruce Miller","SF",63,271,"15.4",0,0,0,0,0,0,0,0,10.9,119.4,0.8
"JEREMYMACLIN","WR","espn","Jeremy Maclin","KC",69,272,"149.3",0,0,0,0,0,3.8,24,0.2,86.6,1160.9,5.2
"JEREMYHILL","RB","espn","Jeremy Hill","CIN",78,273,"149.1",0,0,0,0,0,222.3,910.5,7.3,19,141.4,0.8
"STEPHENGOSTKOWSKI","K","espn","Stephen Gostkowski","NE",2,274,"146.9",0,0,0,0,0,0,0,0,0,0,0
"JARVISLANDRY","WR","espn","Jarvis Landry","MIA",70,275,"146.7",0,0,0,0,0,14.2,59.5,0.4,105.9,1051.2,5.6
"DEMARYIUSTHOMAS","WR","espn","Demaryius Thomas","DEN",71,276,"145.6",0,0,0,0,0,0,0,0,84.4,1085.7,6.4
"RYANMATHEWS","RB","espn","Ryan Mathews","PHI",79,277,"145.4",0,0,0,0,0,204.6,927.2,6.1,25.3,186.4,0.5
"RANDALLCOBB","WR","espn","Randall Cobb","GB",72,278,"145.4",0,0,0,0,0,16.1,73.7,0.4,78.8,940.1,6.9
"ADAMVINATIERI","K","espn","Adam Vinatieri","IND",3,279,"145.3",0,0,0,0,0,0,0,0,0,0,0
"JULIANEDELMAN","WR","espn","Julian Edelman","NE",73,280,"144.1",0,0,0,0,0,7.8,48.5,0.2,91.6,982,6.9
"RASHADJENNINGS","RB","espn","Rashad Jennings","NYG",80,281,"143.2",0,0,0,0,0,194.8,853,4.8,32,255.1,1
"STEVENHAUSCHKA","K","espn","Steven Hauschka","SEA",4,282,"143.1",0,0,0,0,0,0,0,0,0,0,0
"JORDANREED","TE","espn","Jordan Reed","WAS",64,283,"142.3",0,0,0,0,0,0,0,0,90.4,936.5,8.5
"DONTEMONCRIEF","WR","espn","Donte Moncrief","IND",74,284,"142.2",0,0,0,0,0,0,0,0,77.2,962.9,7.8
"DOUGBALDWIN","WR","espn","Doug Baldwin","SEA",75,285,"142",0,0,0,0,0,0,0,0,75.3,998.8,7.2
"DENVERBRONCOS","DST","espn","Denver Broncos","DEN",19,286,"141.6",0,0,0,0,0,0,0,0,0,0,0
"BRANDONPETTIGREW","TE","espn","Brandon Pettigrew","DET",65,287,"14.8",0,0,0,0,0,0,0,0,9.1,101.7,0.8
"RASHARDHIGGINS","WR","espn","Rashard Higgins","CLE",76,288,"14.7",0,0,0,0,0,0,0,0,9.1,115.1,0.6
"BRIANHOYER","QB","espn","Brian Hoyer","CHI",45,289,"14.4",38.3,22,284.3,1.5,1.2,0.6,2.5,0,0,0,0
"MICHAELHOOMANAWANUI","TE","espn","Michael Hoomanawanui","NO",66,290,"14.2",0,0,0,0,0,0,0,0,8.9,95.6,0.9
"AMEERABDULLAH","RB","espn","Ameer Abdullah","DET",81,291,"139.2",0,0,0,0,0,187.1,800.2,4.7,37.2,294,1.2
"GOLDENTATE","WR","espn","Golden Tate","DET",77,292,"139.2",0,0,0,0,0,7.1,45.2,0.2,87.7,1030.4,5.1
"MATTJONES","RB","espn","Matt Jones","WAS",82,293,"137.3",0,0,0,0,0,222.8,888.7,5.1,21.8,213.6,0.9
"LARRYFITZGERALD","WR","espn","Larry Fitzgerald","ARZ",78,294,"137.2",0,0,0,0,0,0,0,0,84.5,968.3,7
"DANNYWOODHEAD","RB","espn","Danny Woodhead","SD",83,295,"136.9",0,0,0,0,0,100,402.4,2.2,69.4,610.6,3.7
"MARVINJONES","WR","espn","Marvin Jones","DET",79,296,"136.9",0,0,0,0,0,0,0,0,72.3,1033.4,5.7
"MICHAELFLOYD","WR","espn","Michael Floyd","ARZ",80,297,"136.6",0,0,0,0,0,0,0,0,61,960.4,6.8
"JOSHBROWN","K","espn","Josh Brown","NYG",5,298,"136.4",0,0,0,0,0,0,0,0,0,0,0
"JORDANMATTHEWS","WR","espn","Jordan Matthews","PHI",81,299,"136.2",0,0,0,0,0,0,0,0,84.4,1016.6,6
"BLAIRWALSH","K","espn","Blair Walsh","MIN",6,300,"136.2",0,0,0,0,0,0,0,0,0,0,0
"GIOVANIBERNARD","RB","espn","Giovani Bernard","CIN",84,301,"135.8",0,0,0,0,0,152.6,654.9,4,49.5,408.8,1.3
"JOHNBROWN","WR","espn","John Brown","ARZ",82,302,"135.8",0,0,0,0,0,4.2,25.9,0.1,64.9,978.9,6
"ROBERTOAGUAYO","K","espn","Roberto Aguayo","TB",7,303,"135.7",0,0,0,0,0,0,0,0,0,0,0
"DANBAILEY","K","espn","Dan Bailey","DAL",8,304,"134.7",0,0,0,0,0,0,0,0,0,0,0
"GREGOLSEN","TE","espn","Greg Olsen","CAR",67,305,"134.3",0,0,0,0,0,0,0,0,75.7,962.4,6.4
"MELVINGORDON","RB","espn","Melvin Gordon","SD",85,306,"134.1",0,0,0,0,0,238.6,914.1,3.9,33.1,218.5,1.1
"JUSTINTUCKER","K","espn","Justin Tucker","BAL",9,307,"132.6",0,0,0,0,0,0,0,0,0,0,0
"MASONCROSBY","K","espn","Mason Crosby","GB",10,308,"132.6",0,0,0,0,0,0,0,0,0,0,0
"EMMANUELSANDERS","WR","espn","Emmanuel Sanders","DEN",83,309,"132.5",0,0,0,0,0,4.2,26.9,0.1,75.3,1038.3,4.3
"CHRISBOSWELL","K","espn","Chris Boswell","PIT",11,310,"132.5",0,0,0,0,0,0,0,0,0,0,0
"STEVANRIDLEY","RB","espn","Stevan Ridley","IND",86,311,"13.6",0,0,0,0,0,17.7,73.6,0.5,4.6,35.4,0.1
"MIKEDAVIS","RB","espn","Mike Davis","SF",87,312,"13.3",0,0,0,0,0,19.8,76.3,0.5,4.2,30.9,0.1
"CODYKESSLER","QB","espn","Cody Kessler","CLE",46,313,"13",37.8,21.2,262.1,1.3,1.2,2.3,9.3,0.1,0,0,0
"DWAYNEWASHINGTON","RB","espn","Dwayne Washington","DET",88,314,"13",0,0,0,0,0,17.7,68.9,0.6,4.6,35.3,0.1
"DESEANJACKSON","WR","espn","DeSean Jackson","WAS",84,315,"129.1",0,0,0,0,0,0,0,0,57.2,1016.1,4.6
"KELVINBENJAMIN","WR","espn","Kelvin Benjamin","CAR",85,316,"128.7",0,0,0,0,0,0,0,0,61.5,826.5,7.8
"ARIANFOSTER","RB","espn","Arian Foster","MIA",89,317,"128.6",0,0,0,0,0,156.7,666.2,4.7,35.6,291.3,1.5
"GRAHAMGANO","K","espn","Graham Gano","CAR",12,318,"127.3",0,0,0,0,0,0,0,0,0,0,0
"CHANDLERCATANZARO","K","espn","Chandler Catanzaro","ARZ",13,319,"125.6",0,0,0,0,0,0,0,0,0,0,0
"MATTPRATER","K","espn","Matt Prater","DET",14,320,"125.5",0,0,0,0,0,0,0,0,0,0,0
"TYLERLOCKETT","WR","espn","Tyler Lockett","SEA",86,321,"125.3",0,0,0,0,0,4.5,28.3,0.1,54.7,823.8,5.9
"MICHAELCRABTREE","WR","espn","Michael Crabtree","OAK",87,322,"124.5",0,0,0,0,0,0,0,0,72.5,821.9,7.1
"TORREYSMITH","WR","espn","Torrey Smith","SF",88,323,"123.8",0,0,0,0,0,0,0,0,56.8,970.4,4.4
"ROBBIEGOULD","K","espn","Robbie Gould","CHI",15,324,"123.3",0,0,0,0,0,0,0,0,0,0,0
"CAROLINAPANTHERS","DST","espn","Carolina Panthers","CAR",20,325,"122.9",0,0,0,0,0,0,0,0,0,0,0
"NICKNOVAK","K","espn","Nick Novak","HOU",16,326,"122.2",0,0,0,0,0,0,0,0,0,0,0
"LEGARRETTEBLOUNT","RB","espn","LeGarrette Blount","NE",90,327,"122",0,0,0,0,0,194.8,835.5,6.1,4.5,33.3,0.2
"MATTBRYANT","K","espn","Matt Bryant","ATL",17,328,"122",0,0,0,0,0,0,0,0,0,0,0
"DERRICKHENRY","RB","espn","Derrick Henry","TEN",91,329,"121.6",0,0,0,0,0,157.4,670.1,6.6,17.1,141.1,0.6
"GREENBAYPACKERS","DST","espn","Green Bay Packers","GB",21,330,"121.6",0,0,0,0,0,0,0,0,0,0,0
"CINCINNATIBENGALS","DST","espn","Cincinnati Bengals","CIN",22,331,"121.5",0,0,0,0,0,0,0,0,0,0,0
"JAREDGOFF","QB","espn","Jared Goff","LA",47,332,"121",374.9,220.4,2486.1,10.4,11,10.3,40.7,0.4,0,0,0
"JASONMYERS","K","espn","Jason Myers","JAC",18,333,"120.9",0,0,0,0,0,0,0,0,0,0,0
"CAIROSANTOS","K","espn","Cairo Santos","KC",19,334,"120.8",0,0,0,0,0,0,0,0,0,0,0
"DELANIEWALKER","TE","espn","Delanie Walker","TEN",68,335,"120.7",0,0,0,0,0,0,0,0,70.2,865.2,5.8
"DUSTINHOPKINS","K","espn","Dustin Hopkins","WAS",20,336,"120.5",0,0,0,0,0,0,0,0,0,0,0
"ARIZONACARDINALS","DST","espn","Arizona Cardinals","ARZ",23,337,"120.5",0,0,0,0,0,0,0,0,0,0,0
"TREVORSIEMIAN","QB","espn","Trevor Siemian","DEN",48,338,"120.4",346.8,194.8,2196.6,12.3,14.2,24.8,101.5,1,0,0,0
"COBYFLEENER","TE","espn","Coby Fleener","NO",69,339,"120.3",0,0,0,0,0,0,0,0,69.9,804.5,6.7
"DUKEJOHNSON","RB","espn","Duke Johnson Jr.","CLE",92,340,"120.1",0,0,0,0,0,135,547.5,3.3,50.5,398.6,1.4
"VERNONDAVIS","TE","espn","Vernon Davis","WAS",70,341,"12.5",0,0,0,0,0,0,0,0,7.7,84.7,0.8
"JAREDABBREDERIS","WR","espn","Jared Abbrederis","GB",89,342,"12.2",0,0,0,0,0,0,0,0,6.4,84,0.7
"TJYELDON","RB","espn","T.J. Yeldon","JAC",93,343,"119.2",0,0,0,0,0,155,645.7,3.7,35.7,274.8,1.4
"DANCARPENTER","K","espn","Dan Carpenter","BUF",21,344,"118.8",0,0,0,0,0,0,0,0,0,0,0
"KEVINWHITE","WR","espn","Kevin White","CHI",90,345,"118.4",0,0,0,0,0,0,0,0,61.1,888.6,5.1
"MIKENUGENT","K","espn","Mike Nugent","CIN",22,346,"118",0,0,0,0,0,0,0,0,0,0,0
"JOSHLAMBO","K","espn","Josh Lambo","SD",23,347,"117.9",0,0,0,0,0,0,0,0,0,0,0
"CHRISIVORY","RB","espn","Chris Ivory","JAC",94,348,"117.5",0,0,0,0,0,163.7,718.5,5,20.3,142.6,0.7
"NICKFOLK","K","espn","Nick Folk","NYJ",24,349,"117.4",0,0,0,0,0,0,0,0,0,0,0
"SEBASTIANJANIKOWSKI","K","espn","Sebastian Janikowski","OAK",25,350,"117.2",0,0,0,0,0,0,0,0,0,0,0
"BRANDONMCMANUS","K","espn","Brandon McManus","DEN",26,351,"117.1",0,0,0,0,0,0,0,0,0,0,0
"ZACHERTZ","TE","espn","Zach Ertz","PHI",71,352,"117",0,0,0,0,0,0,0,0,72.3,850,5.4
"NEWYORKJETS","DST","espn","New York Jets","NYJ",24,353,"116.8",0,0,0,0,0,0,0,0,0,0,0
"TRAVISKELCE","TE","espn","Travis Kelce","KC",72,354,"116.1",0,0,0,0,0,0,0,0,80.9,881.6,5
"CODYPARKEY","K","espn","Cody Parkey","PHI",27,355,"116.1",0,0,0,0,0,0,0,0,0,0,0
"SEATTLESEAHAWKS","DST","espn","Seattle Seahawks","SEA",25,356,"116.1",0,0,0,0,0,0,0,0,0,0,0
"ISAIAHCROWELL","RB","espn","Isaiah Crowell","CLE",95,357,"115.8",0,0,0,0,0,181.1,734.7,4.7,15.8,120.4,0.5
"GARYBARNIDGE","TE","espn","Gary Barnidge","CLE",73,358,"115.6",0,0,0,0,0,0,0,0,66.5,839.3,5.5
"STERLINGSHEPARD","WR","espn","Sterling Shepard","NYG",91,359,"115",0,0,0,0,0,0,0,0,68,852,4.9
"HOUSTONTEXANS","DST","espn","Houston Texans","HOU",26,360,"114.3",0,0,0,0,0,0,0,0,0,0,0
"CONNORBARTH","K","espn","Connor Barth","NO",28,361,"114.1",0,0,0,0,0,0,0,0,0,0,0
"MICHAELTHOMAS","WR","espn","Michael Thomas","NO",92,362,"114",0,0,0,0,0,0,0,0,58.9,780.1,6
"BUFFALOBILLS","DST","espn","Buffalo Bills","BUF",27,363,"113.9",0,0,0,0,0,0,0,0,0,0,0
"DEVANTEPARKER","WR","espn","DeVante Parker","MIA",93,364,"113.8",0,0,0,0,0,0,0,0,58,846.1,5
"CHARLESSIMS","RB","espn","Charles Sims","TB",96,365,"112.7",0,0,0,0,0,105.9,438.8,2.4,54.7,460.3,1.9
"WILLIESNEAD","WR","espn","Willie Snead","NO",94,366,"112.7",0,0,0,0,0,0,0,0,68.3,870,4.4
"KANSASCITYCHIEFS","DST","espn","Kansas City Chiefs","KC",28,367,"112.7",0,0,0,0,0,0,0,0,0,0,0
"THEORIDDICK","RB","espn","Theo Riddick","DET",97,368,"111.6",0,0,0,0,0,63.6,257.2,1.9,69,599.6,2.8
"OAKLANDRAIDERS","DST","espn","Oakland Raiders","OAK",29,369,"111.6",0,0,0,0,0,0,0,0,0,0,0
"PATRICKMURRAY","K","espn","Patrick Murray","CLE",29,370,"110.9",0,0,0,0,0,0,0,0,0,0,0
"TAVONAUSTIN","WR","espn","Tavon Austin","LA",95,371,"110.8",0,0,0,0,0,42.5,216,1.5,66.2,648.8,2.4
"STLOUISRAMS","DST","espn","St. Louis Rams","STL",30,372,"110.8",0,0,0,0,0,0,0,0,0,0,0
"PHILDAWSON","K","espn","Phil Dawson","SF",30,373,"110.4",0,0,0,0,0,0,0,0,0,0,0
"ANDREWFRANKS","K","espn","Andrew Franks","MIA",31,374,"110",0,0,0,0,0,0,0,0,0,0,0
"LEESMITH","TE","espn","Lee Smith","OAK",74,375,"11.9",0,0,0,0,0,0,0,0,7.1,77,0.8
"RONNIEHILLMAN","RB","espn","Ronnie Hillman","DEN",98,376,"11.4",0,0,0,0,0,17,68.3,0.5,3.7,27.3,0.1
"GAVINESCOBAR","TE","espn","Gavin Escobar","DAL",75,377,"11.1",0,0,0,0,0,0,0,0,6.7,74.1,0.7
"VINCENTJACKSON","WR","espn","Vincent Jackson","TB",96,378,"109.2",0,0,0,0,0,0,0,0,51.4,784,5.2
"JUSTINFORSETT","RB","espn","Justin Forsett","BAL",99,379,"108.3",0,0,0,0,0,145.1,659.4,3.5,27.1,183.5,0.7
"MOHAMEDSANU","WR","espn","Mohamed Sanu","ATL",97,380,"107.5",0,0,0,0,0,5.8,36.3,0.2,65.3,770.9,4.4
"RYANSUCCOP","K","espn","Ryan Succop","TEN",32,381,"107.2",0,0,0,0,0,0,0,0,0,0,0
"BILALPOWELL","RB","espn","Bilal Powell","NYJ",100,382,"107.1",0,0,0,0,0,127.6,521.5,2.7,42.7,338.2,1.3
"DEVINFUNCHESS","WR","espn","Devin Funchess","CAR",98,383,"107.1",0,0,0,0,0,0,0,0,52,712.5,6
"COREYCOLEMAN","WR","espn","Corey Coleman","CLE",99,384,"106.2",0,0,0,0,0,3.7,23.6,0.1,66,802.7,3.9
"ALLENHURNS","WR","espn","Allen Hurns","JAC",100,385,"105.5",0,0,0,0,0,0,0,0,55.7,762.7,5.1
"JASONWITTEN","TE","espn","Jason Witten","DAL",76,386,"105.5",0,0,0,0,0,0,0,0,71.8,758.5,5.1
"ANTONIOGATES","TE","espn","Antonio Gates","SD",77,387,"105.3",0,0,0,0,0,0,0,0,60.9,704.8,5.8
"JULIUSTHOMAS","TE","espn","Julius Thomas","JAC",78,388,"104.8",0,0,0,0,0,0,0,0,62.7,670.8,6.3
"TRAVISBENJAMIN","WR","espn","Travis Benjamin","SD",101,389,"104.5",0,0,0,0,0,0,0,0,52.4,777.2,4.2
"DEVONTAEBOOKER","RB","espn","Devontae Booker","DEN",101,390,"104.4",0,0,0,0,0,140.1,580.4,4.6,22.6,177.6,0.6
"JOSHGORDON","WR","espn","Josh Gordon","CLE",102,391,"103.2",0,0,0,0,0,0,0,0,52,805.6,3.9
"TAMPABAYBUCCANEERS","DST","espn","Tampa Bay Buccaneers","TB",31,392,"102.9",0,0,0,0,0,0,0,0,0,0,0
"WILLFULLER","WR","espn","Will Fuller","HOU",103,393,"102.2",0,0,0,0,0,2.2,13.7,0.1,49.8,759.2,4.4
"BALTIMORERAVENS","DST","espn","Baltimore Ravens","BAL",32,394,"102",0,0,0,0,0,0,0,0,0,0,0
"DAKPRESCOTT","QB","espn","Dak Prescott","DAL",49,395,"101.7",202.8,125.2,1474.5,9.9,5.9,26.4,133.3,0.9,0,0,0
"DARRENSPROLES","RB","espn","Darren Sproles","PHI",102,396,"101.1",0,0,0,0,0,71.8,326.5,2.4,52.2,432,1.4
"STEFONDIGGS","WR","espn","Stefon Diggs","MIN",104,397,"101.1",0,0,0,0,0,4.3,27.3,0.1,61.1,753.8,4
"PIERREGARCON","WR","espn","Pierre Garcon","WAS",105,398,"100.6",0,0,0,0,0,0,0,0,60.7,721.4,4.7
"MARKUSWHEATON","WR","espn","Markus Wheaton","PIT",106,399,"100.3",0,0,0,0,0,0,0,0,53.8,735.9,4.3
"JEFFDRISKEL","QB","espn","Jeff Driskel","SF",50,400,"10.2",38.1,20.8,208.5,1,1.5,4.2,14.3,0.1,0,0,0
"DEMETRIUSHARRIS","TE","espn","Demetrius Harris","KC",79,401,"10",0,0,0,0,0,0,0,0,6.5,71.3,0.5
"CEDRICPEERMAN","RB","espn","Cedric Peerman","CIN",103,402,"1.7",0,0,0,0,0,4.4,17,0.1,0,0,0
"JEROMEFELTON","RB","espn","Jerome Felton","BUF",104,403,"1.6",0,0,0,0,0,0,0,0,1.6,11.8,0.1
"SCOTTTOLZIEN","QB","espn","Scott Tolzien","IND",51,404,"0.5",3.1,1.8,20.2,0.2,0.1,0.1,0.5,0,0,0,0
"DEREKANDERSON","QB","espn","Derek Anderson","CAR",52,405,"0.4",2.7,1.6,17.1,0.1,0.1,0.1,0.4,0,0,0,0
"CHADHENNE","QB","espn","Chad Henne","JAC",53,406,"0.4",3,1.7,19,0.1,0.1,0.1,0.5,0,0,0,0
"RYANNASSIB","QB","espn","Ryan Nassib","NYG",54,407,"0.4",2.9,1.7,19.3,0.1,0.1,0.1,0.5,0,0,0,0
"MATTMCGLOIN","QB","espn","Matt McGloin","OAK",55,408,"0.4",2.8,1.7,18.5,0.1,0.1,0.1,0.4,0,0,0,0
"BRETTHUNDLEY","QB","espn","Brett Hundley","GB",56,409,"0.4",2.9,1.7,18.8,0.2,0.1,0.1,0.4,0,0,0,0
"TREVONEBOYKIN","QB","espn","Trevone Boykin","SEA",57,410,"0.4",2.6,1.5,16.6,0.1,0.1,0.1,0.4,0,0,0,0
"LUKEMCCOWN","QB","espn","Luke McCown","NO",58,411,"0.3",3.1,1.9,20.6,0.1,0.1,0.1,0.5,0,0,0,0
"COLTMCCOY","QB","espn","Colt McCoy","WAS",59,412,"0.3",2.9,1.8,19.6,0.1,0.1,0.1,0.4,0,0,0,0
"JOEWEBB","QB","espn","Joe Webb","CAR",60,413,"0.3",0,0,0,0,0,0,0,0,0,0,0
"RYANMALLETT","QB","espn","Ryan Mallett","BAL",61,414,"0.3",3,1.8,19.8,0.1,0.1,0.1,0.5,0,0,0,0
"MIKEGLENNON","QB","espn","Mike Glennon","TB",62,415,"0.3",2.8,1.6,18.1,0.1,0.1,0.1,0.4,0,0,0,0
"AJMCCARRON","QB","espn","AJ McCarron","CIN",63,416,"0.3",2.6,1.5,17,0.1,0.1,0.1,0.4,0,0,0,0
"CHRISTIANHACKENBERG","QB","espn","Christian Hackenberg","NYJ",64,417,"0.3",2.5,1.4,14.7,0.1,0.1,0.1,0.4,0,0,0,0
"SHAUNHILL","QB","espn","Shaun Hill","MIN",65,418,"0.2",2.5,1.5,17,0.1,0.1,0.1,0.4,0,0,0,0
"MATTSCHAUB","QB","espn","Matt Schaub","ATL",66,419,"0.2",3,1.8,20.1,0.1,0.1,0.1,0.4,0,0,0,0
"DANORLOVSKY","QB","espn","Dan Orlovsky","DET",67,420,"0.2",3.2,1.9,21.6,0.1,0.1,0.1,0.5,0,0,0,0
"MATTMOORE","QB","espn","Matt Moore","MIA",68,421,"0.2",3,1.7,19.7,0.1,0.1,0.1,0.4,0,0,0,0
"NICKFOLES","QB","espn","Nick Foles","KC",69,422,"0.2",2.7,1.6,17.5,0.1,0.1,0.1,0.4,0,0,0,0
"ZACHMETTENBERGER","QB","espn","Zach Mettenberger","SD",70,423,"0.2",3,1.8,19.9,0.1,0.1,0.1,0.5,0,0,0,0
"JACOBYBRISSETT","QB","espn","Jacoby Brissett","NE",71,424,"0.1",0.8,0.5,4.9,0,0,0,0.1,0,0,0,0
"MIKEVICK","QB","espn","Mike Vick","PIT",72,425,"0",0,0,0,0,0,0,0,0,0,0,0
"KELLENCLEMENS","QB","espn","Kellen Clemens","SD",73,426,"0",0,0,0,0,0,0,0,0,0,0,0
"TARVARISJACKSON","QB","espn","Tarvaris Jackson","SEA",74,427,"0",0,0,0,0,0,0,0,0,0,0,0
"CHARLIEWHITEHURST","QB","espn","Charlie Whitehurst","IND",75,428,"0",0,0,0,0,0,0,0,0,0,0,0
"BRUCEGRADKOWSKI","QB","espn","Bruce Gradkowski","PIT",76,429,"0",0,0,0,0,0,0,0,0,0,0,0
"JOSHJOHNSON","QB","espn","Josh Johnson","BAL",77,430,"0",0,0,0,0,0,0,0,0,0,0,0
"MATTFLYNN","QB","espn","Matt Flynn","NO",78,431,"0",0,0,0,0,0,0,0,0,0,0,0
"JOSHFREEMAN","QB","espn","Josh Freeman","IND",79,432,"0",0,0,0,0,0,0,0,0,0,0,0
"JIMMYCLAUSEN","QB","espn","Jimmy Clausen","BAL",80,433,"0",0,0,0,0,0,0,0,0,0,0,0
"TIMTEBOW","QB","espn","Tim Tebow","FA",81,434,"0",0,0,0,0,0,0,0,0,0,0,0
"DANLEFEVOUR","QB","espn","Dan LeFevour","TB",82,435,"0",0,0,0,0,0,0,0,0,0,0,0
"THADDEUSLEWIS","QB","espn","Thaddeus Lewis","SF",83,436,"0",0,0,0,0,0,0,0,0,0,0,0
"CHRISTIANPONDER","QB","espn","Christian Ponder","SF",84,437,"0",0,0,0,0,0,0,0,0,0,0,0
"TJYATES","QB","espn","T.J. Yates","HOU",85,438,"0",0,0,0,0,0,0,0,0,0,0,0
"JERRODJOHNSON","QB","espn","Jerrod Johnson","BAL",86,439,"0",0,0,0,0,0,0,0,0,0,0,0
"BRANDONWEEDEN","QB","espn","Brandon Weeden","HOU",87,440,"0",0,0,0,0,0,0,0,0,0,0,0
"KELLENMOORE","QB","espn","Kellen Moore","DAL",88,441,"0",0,0,0,0,0,0,0,0,0,0,0
"RYANLINDLEY","QB","espn","Ryan Lindley","IND",89,442,"0",0,0,0,0,0,0,0,0,0,0,0
"AUSTINDAVIS","QB","espn","Austin Davis","CLE",90,443,"0",0,0,0,0,0,0,0,0,0,0,0
"MATTSIMMS","QB","espn","Matt Simms","ATL",91,444,"0",0,0,0,0,0,0,0,0,0,0,0
"ALEXTANNEY","QB","espn","Alex Tanney","TEN",92,445,"0",0,0,0,0,0,0,0,0,0,0,0
"SEANRENFREE","QB","espn","Sean Renfree","ATL",93,446,"0",0,0,0,0,0,0,0,0,0,0,0
"ZACDYSERT","QB","espn","Zac Dysert","MIA",94,447,"0",0,0,0,0,0,0,0,0,0,0,0
"MATTBARKLEY","QB","espn","Matt Barkley","ARZ",95,448,"0",0,0,0,0,0,0,0,0,0,0,0
"RYANGRIFFIN","QB","espn","Ryan Griffin","TB",96,449,"0",0,0,0,0,0,0,0,0,0,0,0
"TYLERBRAY","QB","espn","Tyler Bray","KC",97,450,"0",0,0,0,0,0,0,0,0,0,0,0
"JOHNNYMANZIEL","QB","espn","Johnny Manziel","CLE",98,451,"0",0,0,0,0,0,0,0,0,0,0,0
"TAJHBOYD","QB","espn","Tajh Boyd","PIT",99,452,"0",0,0,0,0,0,0,0,0,0,0,0
"LOGANTHOMAS","QB","espn","Logan Thomas","NYG",100,453,"0",0,0,0,0,0,0,0,0,0,0,0
"DAVIDFALES","QB","espn","David Fales","CHI",101,454,"0",0,0,0,0,0,0,0,0,0,0,0
"KEITHWENNING","QB","espn","Keith Wenning","CIN",102,455,"0",0,0,0,0,0,0,0,0,0,0,0
"AARONMURRAY","QB","espn","Aaron Murray","KC",103,456,"0",0,0,0,0,0,0,0,0,0,0,0
"MATTBLANCHARD","QB","espn","Matt Blanchard","CHI",104,457,"0",0,0,0,0,0,0,0,0,0,0,0
"DUSTINVAUGHAN","QB","espn","Dustin Vaughan","PIT",105,458,"0",0,0,0,0,0,0,0,0,0,0,0
"CONNORSHAW","QB","espn","Connor Shaw","CHI",106,459,"0",0,0,0,0,0,0,0,0,0,0,0
"BRYCEPETTY","QB","espn","Bryce Petty","NYJ",107,460,"0",0,0,0,0,0,0,0,0,0,0,0
"DYLANTHOMPSON","QB","espn","Dylan Thompson","LA",108,461,"0",0,0,0,0,0,0,0,0,0,0,0
"SEANMANNION","QB","espn","Sean Mannion","LA",109,462,"0",0,0,0,0,0,0,0,0,0,0,0
"GARRETTGRAYSON","QB","espn","Garrett Grayson","NO",110,463,"0",0,0,0,0,0,0,0,0,0,0,0
"CONNORCOOK","QB","espn","Connor Cook","OAK",111,464,"0",0,0,0,0,0,0,0,0,0,0,0
"CARDALEJONES","QB","espn","Cardale Jones","BUF",112,465,"0",0,0,0,0,0,0,0,0,0,0,0
"KEVINHOGAN","QB","espn","Kevin Hogan","KC",113,466,"0",0,0,0,0,0,0,0,0,0,0,0
"NATESUDFELD","QB","espn","Nate Sudfeld","WAS",114,467,"0",0,0,0,0,0,0,0,0,0,0,0
"JAKERUDOCK","QB","espn","Jake Rudock","DET",115,468,"0",0,0,0,0,0,0,0,0,0,0,0
"BRANDONALLEN","QB","espn","Brandon Allen","JAC",116,469,"0",0,0,0,0,0,0,0,0,0,0,0
"BRANDONDOUGHTY","QB","espn","Brandon Doughty","MIA",117,470,"0",0,0,0,0,0,0,0,0,0,0,0
"TAYLORHEINICKE","QB","espn","Taylor Heinicke","MIN",118,471,"0",0,0,0,0,0,0,0,0,0,0,0
"STEPHENMORRIS","QB","espn","Stephen Morris","IND",119,472,"0",0,0,0,0,0,0,0,0,0,0,0
"STEVENJACKSON","RB","espn","Steven Jackson","NE",105,473,"0",0,0,0,0,0,0,0,0,0,0,0
"FREDJACKSON","RB","espn","Fred Jackson","SEA",106,474,"0",0,0,0,0,0,0,0,0,0,0,0
"MARSHAWNLYNCH","RB","espn","Marshawn Lynch","SEA",107,475,"0",0,0,0,0,0,0,0,0,0,0,0
"AHMADBRADSHAW","RB","espn","Ahmad Bradshaw","IND",108,476,"0",0,0,0,0,0,0,0,0,0,0,0
"PIERRETHOMAS","RB","espn","Pierre Thomas","WAS",109,477,"0",0,0,0,0,0,0,0,0,0,0,0
"RAYRICE","RB","espn","Ray Rice","FA",110,478,"0",0,0,0,0,0,0,0,0,0,0,0
"JORVORSKIELANE","RB","espn","Jorvorskie Lane","TB",111,479,"0",0,0,0,0,0,0,0,0,0,0,0
"KNOWSHONMORENO","RB","espn","Knowshon Moreno","FA",112,480,"0",0,0,0,0,0,0,0,0,0,0,0
"MARCUSTHIGPEN","RB","espn","Marcus Thigpen","BUF",113,481,"0",0,0,0,0,0,0,0,0,0,0,0
"DARRELYOUNG","RB","espn","Darrel Young","CHI",114,482,"0",0,0,0,0,0,0,0,0,0,0,0
"ANTONESMITH","RB","espn","Antone Smith","NYJ",115,483,"0",0,0,0,0,0,0,0,0,0,0,0
"BENTATE","RB","espn","Ben Tate","PIT",116,484,"0",0,0,0,0,0,0,0,0,0,0,0
"TOBYGERHART","RB","espn","Toby Gerhart","JAC",117,485,"0",0,0,0,0,0,0,0,0,0,0,0
"BOOBIEDIXON","RB","espn","Boobie Dixon","BUF",118,486,"0",0,0,0,0,0,0,0,0,0,0,0
"JOIQUEBELL","RB","espn","Joique Bell","DET",119,487,"0",0,0,0,0,0,0,0,0,0,0,0
"JERRICHOCOTCHERY","WR","espn","Jerricho Cotchery","CAR",107,488,"0",0,0,0,0,0,0,0,0,0,0,0
"WESWELKER","WR","espn","Wes Welker","LA",108,489,"0",0,0,0,0,0,0,0,0,0,0,0
"RODDYWHITE","WR","espn","Roddy White","ATL",109,490,"0",0,0,0,0,0,0,0,0,0,0,0
"JOSHUACRIBBS","WR","espn","Joshua Cribbs","IND",110,491,"0",0,0,0,0,0,0,0,0,0,0,0
"NATEWASHINGTON","WR","espn","Nate Washington","NE",111,492,"0",0,0,0,0,0,0,0,0,0,0,0
"LANCEMOORE","WR","espn","Lance Moore","ATL",112,493,"0",0,0,0,0,0,0,0,0,0,0,0
"GREGJENNINGS","WR","espn","Greg Jennings","MIA",113,494,"0",0,0,0,0,0,0,0,0,0,0,0
"DEREKHAGAN","WR","espn","Derek Hagan","TEN",114,495,"0",0,0,0,0,0,0,0,0,0,0,0
"JASONAVANT","WR","espn","Jason Avant","KC",115,496,"0",0,0,0,0,0,0,0,0,0,0,0
"MARQUESCOLSTON","WR","espn","Marques Colston","NO",116,497,"0",0,0,0,0,0,0,0,0,0,0,0
"MILESAUSTIN","WR","espn","Miles Austin","PHI",117,498,"0",0,0,0,0,0,0,0,0,0,0,0
"CALVINJOHNSON","WR","espn","Calvin Johnson","DET",118,499,"0",0,0,0,0,0,0,0,0,0,0,0
"DWAYNEBOWE","WR","espn","Dwayne Bowe","CLE",119,500,"0",0,0,0,0,0,0,0,0,0,0,0
"JACOBYJONES","WR","espn","Jacoby Jones","PIT",120,501,"0",0,0,0,0,0,0,0,0,0,0,0
"KELLENWINSLOW","TE","espn","Kellen Winslow","NYJ",80,502,"0",0,0,0,0,0,0,0,0,0,0,0
"ALEXSMITH","TE","espn","Alex Smith","WAS",81,503,"0",0,0,0,0,0,0,0,0,0,0,0
"OWENDANIELS","TE","espn","Owen Daniels","DEN",82,504,"0",0,0,0,0,0,0,0,0,0,0,0
"DANIELFELLS","TE","espn","Daniel Fells","NYG",83,505,"0",0,0,0,0,0,0,0,0,0,0,0
"SCOTTCHANDLER","TE","espn","Scott Chandler","NE",84,506,"0",0,0,0,0,0,0,0,0,0,0,0
"CLARKHARRIS","TE","espn","Clark Harris","CIN",85,507,"0",0,0,0,0,0,0,0,0,0,0,0
"FREDDAVIS","TE","espn","Fred Davis","WAS",86,508,"0",0,0,0,0,0,0,0,0,0,0,0
"JAMESCASEY","TE","espn","James Casey","DEN",87,509,"0",0,0,0,0,0,0,0,0,0,0,0
"CHASECOFFMAN","TE","espn","Chase Coffman","IND",88,510,"0",0,0,0,0,0,0,0,0,0,0,0
"BEARPASCOE","TE","espn","Bear Pascoe","NE",89,511,"0",0,0,0,0,0,0,0,0,0,0,0
"JOHNPHILLIPS","TE","espn","John Phillips","DEN",90,512,"0",0,0,0,0,0,0,0,0,0,0,0
"TONYMOEAKI","TE","espn","Tony Moeaki","CHI",91,513,"0",0,0,0,0,0,0,0,0,0,0,0
"ANTHONYMCCOY","TE","espn","Anthony McCoy","SEA",92,514,"0",0,0,0,0,0,0,0,0,0,0,0
"ANDREWQUARLESS","TE","espn","Andrew Quarless","DET",93,515,"0",0,0,0,0,0,0,0,0,0,0,0
"RICHIEBROCKEL","TE","espn","Richie Brockel","CAR",94,516,"0",0,0,0,0,0,0,0,0,0,0,0
"JEFFCUMBERLAND","TE","espn","Jeff Cumberland","SD",95,517,"0",0,0,0,0,0,0,0,0,0,0,0
"LUKESTOCKER","TE","espn","Luke Stocker","TB",96,518,"0",0,0,0,0,0,0,0,0,0,0,0
"DAVIDAUSBERRY","TE","espn","David Ausberry","DET",97,519,"0",0,0,0,0,0,0,0,0,0,0,0
"DJWILLIAMS","TE","espn","D.J. Williams","WAS",98,520,"0",0,0,0,0,0,0,0,0,0,0,0
"ORSONCHARLES","TE","espn","Orson Charles","DET",99,521,"0",0,0,0,0,0,0,0,0,0,0,0
"DOMINIQUEJONES","TE","espn","Dominique Jones","MIA",100,522,"0",0,0,0,0,0,0,0,0,0,0,0
"DEREKCARRIER","TE","espn","Derek Carrier","WAS",101,523,"0",0,0,0,0,0,0,0,0,0,0,0
"CHASEFORD","TE","espn","Chase Ford","BAL",102,524,"0",0,0,0,0,0,0,0,0,0,0,0
"COOPERHELFET","TE","espn","Cooper Helfet","SEA",103,525,"0",0,0,0,0,0,0,0,0,0,0,0
"BRANDONBOSTICK","TE","espn","Brandon Bostick","NYJ",104,526,"0",0,0,0,0,0,0,0,0,0,0,0
"IFEANYIMOMAH","TE","espn","Ifeanyi Momah","ARZ",105,527,"0",0,0,0,0,0,0,0,0,0,0,0
"MICHAELWILLIAMS","TE","espn","Michael Williams","NE",106,528,"0",0,0,0,0,0,0,0,0,0,0,0
"CHRISGRAGG","TE","espn","Chris Gragg","BUF",107,529,"0",0,0,0,0,0,0,0,0,0,0,0
"LEVINETOILOLO","TE","espn","Levine Toilolo","ATL",108,530,"0",0,0,0,0,0,0,0,0,0,0,0
"JUSTICECUNNINGHAM","TE","espn","Justice Cunningham","LA",109,531,"0",0,0,0,0,0,0,0,0,0,0,0
"CHRISPANTALE","TE","espn","Chris Pantale","PHI",110,532,"0",0,0,0,0,0,0,0,0,0,0,0
"TIMOTHYWRIGHT","TE","espn","Timothy Wright","DET",111,533,"0",0,0,0,0,0,0,0,0,0,0,0
"BRANDONWILLIAMS","TE","espn","Brandon Williams","SEA",112,534,"0",0,0,0,0,0,0,0,0,0,0,0
"MARQUEISGRAY","TE","espn","MarQueis Gray","MIA",113,535,"0",0,0,0,0,0,0,0,0,0,0,0
"ZACHSUDFELD","TE","espn","Zach Sudfeld","NYJ",114,536,"0",0,0,0,0,0,0,0,0,0,0,0
"JAKESTONEBURNER","TE","espn","Jake Stoneburner","LA",115,537,"0",0,0,0,0,0,0,0,0,0,0,0
"BRIANLEONHARDT","TE","espn","Brian Leonhardt","MIN",116,538,"0",0,0,0,0,0,0,0,0,0,0,0
"MARCELJENSEN","TE","espn","Marcel Jensen","WAS",117,539,"0",0,0,0,0,0,0,0,0,0,0,0
"ASANTECLEVELAND","TE","espn","Asante Cleveland","SD",118,540,"0",0,0,0,0,0,0,0,0,0,0,0
"NICJACOBS","TE","espn","Nic Jacobs","JAC",119,541,"0",0,0,0,0,0,0,0,0,0,0,0
"JAYFEELY","K","espn","Jay Feely","FA",33,542,"0",0,0,0,0,0,0,0,0,0,0,0
"SHAYNEGRAHAM","K","espn","Shayne Graham","ATL",34,543,"0",0,0,0,0,0,0,0,0,0,0,0
"BILLYCUNDIFF","K","espn","Billy Cundiff","CLE",35,544,"0",0,0,0,0,0,0,0,0,0,0,0
"JOSHSCOBEE","K","espn","Josh Scobee","NO",36,545,"0",0,0,0,0,0,0,0,0,0,0,0
"SHAUNSUISHAM","K","espn","Shaun Suisham","PIT",37,546,"0",0,0,0,0,0,0,0,0,0,0,0
"GARRETTHARTLEY","K","espn","Garrett Hartley","PIT",38,547,"0",0,0,0,0,0,0,0,0,0,0,0
"ALEXHENERY","K","espn","Alex Henery","FA",39,548,"0",0,0,0,0,0,0,0,0,0,0,0
"KAIFORBATH","K","espn","Kai Forbath","NO",40,549,"0",0,0,0,0,0,0,0,0,0,0,0
"RANDYBULLOCK","K","espn","Randy Bullock","NYG",41,550,"0",0,0,0,0,0,0,0,0,0,0,0
"BRANDONBOGOTAY","K","espn","Brandon Bogotay","TB",42,551,"0",0,0,0,0,0,0,0,0,0,0,0
"CALEBSTURGIS","K","espn","Caleb Sturgis","PHI",43,552,"0",0,0,0,0,0,0,0,0,0,0,0
"ZACHHOCKER","K","espn","Zach Hocker","CIN",44,553,"0",0,0,0,0,0,0,0,0,0,0,0
"TRAVISCOONS","K","espn","Travis Coons","CLE",45,554,"0",0,0,0,0,0,0,0,0,0,0,0
"JORDANGAY","K","espn","Jordan Gay","BUF",46,555,"0",0,0,0,0,0,0,0,0,0,0,0
"KYLEBRINDZA","K","espn","Kyle Brindza","NYJ",47,556,"0",0,0,0,0,0,0,0,0,0,0,0
"KARLOSWILLIAMS","RB","espn","Karlos Williams","BUF",120,557,"-1.3",0,0,0,0,0,0,0,0,0,0,0
"BENJAMINWATSON","TE","espn","Benjamin Watson","BAL",120,558,"-0.2",0,0,0,0,0,0,0,0,0,0,0
